Box RFID,Part Type,Number of Parts in Box
1,1,37
1,1,37
1,3,45
1,3,45
1,3,45
1,3,45
2,1,47
2,3,32
2,3,32
2,1,47
2,1,47
2,1,47
3,3,33
2,1,47
2,2,41
3,2,48
3,1,39
3,1,39
3,2,48
3,2,48
4,3,33
5,3,40
4,1,50
4,1,50
4,1,50
4,1,50
6,3,39
6,3,39
6,3,39
6,3,39
6,2,35
6,2,35
7,3,46
7,3,46
7,1,36
7,2,38
8,3,40
7,1,36
7,1,36
8,3,40
7,1,36
7,1,36
8,3,40
8,3,40
8,1,36
8,1,36
8,1,36
8,2,44
9,3,47
9,2,44
9,1,29
9,2,44
10,1,43
11,1,35
10,2,35
11,2,43
12,3,37
12,1,49
13,3,40
12,1,49
13,1,49
13,2,31
13,2,31
13,1,49
13,2,31
14,2,44
14,2,44
14,1,29
14,2,44
15,1,48
15,1,48
15,3,46
15,1,48
15,1,48
15,1,48
16,1,43
16,2,38
17,2,35
17,1,39
17,1,39
18,2,36
17,3,46
18,2,36
18,1,43
19,2,44
19,2,44
18,3,41
19,2,44
19,2,44
19,1,38
19,1,38
20,2,43
19,3,38
19,1,38
19,3,38
20,1,36
20,1,36
20,3,41
20,3,41
20,1,36
20,1,36
21,1,38
21,1,38
21,3,45
22,2,36
22,2,36
22,1,41
22,1,41
22,2,36
21,3,45
21,3,45
22,1,41
22,1,41
23,2,42
23,2,42
23,2,42
23,2,42
23,3,39
23,3,39
23,3,39
23,3,39
23,3,39
24,1,38
25,1,53
24,3,38
25,1,53
26,2,30
26,2,30
25,3,41
28,2,46
28,2,46
27,1,45
27,1,45
27,3,38
27,3,38
27,3,38
27,3,38
28,1,33
28,1,33
28,1,33
30,2,34
28,3,41
28,3,41
29,1,47
30,2,34
30,1,36
30,1,36
31,2,30
29,3,35
31,2,30
30,1,36
32,2,45
31,1,41
30,3,50
32,2,45
30,3,50
30,3,50
30,3,50
31,1,41
33,2,35
33,2,35
33,2,35
31,3,49
34,2,44
34,2,44
32,3,43
33,1,48
33,1,48
35,2,35
34,1,40
36,2,46
36,2,46
35,1,36
35,1,36
37,2,38
36,1,42
37,2,38
36,1,42
36,1,42
38,2,37
36,1,42
35,3,49
35,3,49
37,1,38
38,2,37
36,3,32
37,1,38
39,2,41
39,2,41
39,2,41
37,3,44
40,2,38
41,2,32
38,3,39
39,1,45
40,1,39
39,3,34
39,3,34
39,3,34
42,2,37
40,1,39
40,3,43
40,1,39
40,3,43
40,3,43
43,2,40
43,2,40
41,1,41
41,1,41
41,1,41
40,3,43
44,2,38
41,3,47
41,3,47
41,3,47
44,2,38
43,1,34
43,1,34
42,3,46
45,2,37
45,2,37
43,1,34
43,1,34
45,2,37
42,3,46
42,3,46
46,2,41
43,3,46
46,2,41
46,2,41
46,2,41
44,1,32
43,3,46
43,3,46
46,2,41
45,1,44
47,2,33
47,2,33
43,3,46
44,3,50
48,2,34
44,3,50
48,2,34
48,2,34
46,1,38
44,3,50
44,3,50
49,2,43
47,1,51
49,2,43
45,3,39
47,1,51
47,1,51
46,3,41
46,3,41
50,2,48
47,1,51
47,1,51
48,1,43
50,2,48
50,2,48
50,2,48
51,2,51
48,1,43
48,3,43
49,1,42
48,3,43
51,2,51
52,2,44
50,1,32
52,2,44
52,2,44
52,2,44
50,1,32
50,3,40
52,1,41
52,1,41
51,3,37
54,2,40
51,3,37
52,1,41
53,1,45
53,1,45
53,1,45
53,1,45
53,1,45
55,2,42
55,2,42
54,1,44
52,3,35
52,3,35
52,3,35
56,2,36
54,1,44
53,3,35
53,3,35
53,3,35
53,3,35
57,2,51
54,3,36
55,3,42
56,1,45
58,2,36
58,2,36
58,2,36
55,3,42
58,2,36
58,2,36
58,2,36
56,3,39
59,2,36
59,2,36
57,1,33
57,1,33
57,3,36
60,2,40
58,1,37
60,2,40
58,3,47
59,1,43
59,1,43
61,2,44
58,3,47
61,2,44
58,3,47
61,2,44
60,1,43
62,2,37
60,1,43
61,1,39
63,2,36
61,1,39
60,3,37
60,3,37
63,2,36
61,1,39
62,1,31
64,2,36
62,1,31
64,2,36
63,1,40
63,1,40
62,3,52
65,2,36
64,1,37
62,3,52
66,2,40
63,3,44
63,3,44
63,3,44
63,3,44
67,2,32
63,3,44
65,1,38
63,3,44
64,3,47
64,3,47
66,1,31
66,1,31
66,1,31
64,3,47
65,3,46
67,1,47
69,2,45
69,2,45
65,3,46
65,3,46
70,2,34
66,3,49
66,3,49
68,1,44
66,3,49
70,2,34
70,2,34
68,1,44
70,2,34
71,2,32
71,2,32
72,2,41
69,1,31
67,3,41
72,2,41
70,1,44
67,3,41
70,1,44
68,3,45
68,3,45
73,2,41
73,2,41
68,3,45
73,2,41
73,2,41
68,3,45
73,2,41
73,2,41
73,2,41
69,3,44
74,2,47
71,1,44
71,1,44
69,3,44
70,3,42
70,3,42
75,2,34
70,3,42
73,1,37
71,3,44
73,1,37
71,3,44
71,3,44
74,1,47
74,1,47
76,2,38
76,2,38
74,1,47
72,3,42
72,3,42
77,2,40
78,2,38
78,2,38
78,2,38
73,3,42
73,3,42
76,1,38
76,1,38
74,3,26
75,3,41
75,3,41
77,1,37
75,3,41
80,2,39
78,1,44
80,2,39
78,1,44
78,1,44
79,1,37
79,1,37
77,3,43
82,2,31
79,1,37
79,1,37
79,1,37
79,1,37
79,1,37
77,3,43
80,1,36
77,3,43
80,1,36
77,3,43
78,3,38
80,1,36
80,1,36
80,1,36
83,2,36
83,2,36
83,2,36
84,2,41
78,3,38
84,2,41
84,2,41
81,1,33
79,3,41
84,2,41
82,1,53
85,2,36
85,2,36
85,2,36
82,1,53
83,1,36
83,1,36
86,2,41
83,1,36
81,3,57
81,3,57
81,3,57
81,3,57
84,1,34
87,2,34
87,2,34
85,1,40
88,2,36
88,2,36
85,1,40
82,3,36
83,3,48
89,2,42
86,1,40
90,2,42
90,2,42
84,3,45
87,1,43
84,3,45
87,1,43
84,3,45
91,2,48
84,3,45
88,1,40
91,2,48
88,1,40
91,2,48
92,2,42
86,3,39
92,2,42
92,2,42
92,2,42
93,2,42
93,2,42
86,3,39
87,3,43
87,3,43
91,1,40
94,2,44
88,3,44
88,3,44
92,1,42
88,3,44
89,3,40
89,3,40
93,1,42
96,2,47
89,3,40
93,1,42
90,3,41
94,1,35
90,3,41
94,1,35
97,2,37
98,2,42
92,3,36
92,3,36
95,1,43
92,3,36
92,3,36
96,1,36
99,2,35
93,3,36
96,1,36
93,3,36
99,2,35
96,1,36
97,1,41
100,2,37
97,1,41
98,1,38
98,1,38
98,1,38
98,1,38
95,3,44
101,2,38
99,1,46
95,3,44
99,1,46
96,3,37
99,1,46
99,1,46
100,1,44
100,1,44
96,3,37
96,3,37
100,1,44
100,1,44
100,1,44
97,3,42
103,2,35
97,3,42
104,2,35
101,1,42
98,3,40
101,1,42
98,3,40
101,1,42
105,2,26
98,3,40
105,2,26
106,2,43
102,1,43
102,1,43
102,1,43
103,1,41
99,3,39
103,1,41
107,2,39
100,3,39
104,1,42
104,1,42
104,1,42
105,1,36
105,1,36
101,3,40
108,2,35
102,3,37
102,3,37
102,3,37
102,3,37
106,1,39
106,1,39
109,2,42
109,2,42
109,2,42
103,3,44
110,2,37
106,1,39
103,3,44
110,2,37
107,1,38
107,1,38
104,3,43
111,2,45
111,2,45
108,1,41
104,3,43
104,3,43
108,1,41
105,3,58
109,1,35
109,1,35
105,3,58
105,3,58
110,1,37
113,2,38
110,1,37
113,2,38
106,3,38
114,2,37
114,2,37
107,3,43
115,2,34
115,2,34
115,2,34
115,2,34
112,1,36
108,3,44
112,1,36
113,1,38
108,3,44
116,2,49
113,1,38
109,3,43
116,2,49
109,3,43
116,2,49
114,1,40
117,2,39
117,2,39
109,3,43
109,3,43
114,1,40
110,3,46
110,3,46
118,2,40
110,3,46
118,2,40
118,2,40
115,1,45
119,2,40
116,1,35
119,2,40
112,3,43
117,1,40
113,3,44
113,3,44
117,1,40
117,1,40
113,3,44
121,2,37
118,1,38
118,1,38
114,3,43
119,1,37
119,1,37
114,3,43
122,2,47
114,3,43
114,3,43
119,1,37
119,1,37
122,2,47
122,2,47
119,1,37
119,1,37
119,1,37
115,3,41
120,1,39
122,2,47
120,1,39
123,2,38
121,1,50
115,3,41
115,3,41
123,2,38
121,1,50
124,2,48
124,2,48
124,2,48
124,2,48
124,2,48
121,1,50
122,1,30
124,2,48
117,3,41
122,1,30
122,1,30
123,1,38
123,1,38
118,3,42
123,1,38
118,3,42
123,1,38
118,3,42
126,2,43
126,2,43
119,3,43
124,1,35
124,1,35
126,2,43
124,1,35
127,2,40
125,1,42
127,2,40
125,1,42
120,3,38
127,2,40
125,1,42
120,3,38
128,2,44
126,1,38
126,1,38
128,2,44
121,3,33
129,2,39
122,3,43
127,1,30
127,1,30
128,1,39
128,1,39
122,3,43
128,1,39
130,2,36
130,2,36
123,3,44
123,3,44
131,2,46
131,2,46
123,3,44
123,3,44
124,3,37
131,2,46
124,3,37
129,1,50
132,2,46
132,2,46
132,2,46
124,3,37
132,2,46
132,2,46
130,1,44
132,2,46
132,2,46
133,2,30
125,3,42
131,1,35
133,2,30
133,2,30
126,3,39
131,1,35
126,3,39
126,3,39
134,2,43
132,1,41
132,1,41
134,2,43
135,2,40
127,3,50
136,2,46
133,1,49
136,2,46
136,2,46
136,2,46
134,1,48
136,2,46
134,1,48
137,2,32
134,1,48
134,1,48
130,3,40
138,2,42
130,3,40
130,3,40
136,1,39
136,1,39
131,3,39
139,2,43
139,2,43
131,3,39
137,1,47
137,1,47
132,3,33
140,2,37
140,2,37
140,2,37
140,2,37
133,3,41
141,2,38
138,1,39
141,2,38
134,3,29
142,2,37
140,1,31
140,1,31
140,1,31
143,2,43
140,1,31
136,3,35
143,2,43
141,1,45
136,3,35
141,1,45
144,2,41
137,3,41
144,2,41
141,1,45
144,2,41
137,3,41
142,1,36
137,3,41
137,3,41
142,1,36
142,1,36
145,2,34
138,3,39
143,1,40
146,2,34
143,1,40
144,1,38
140,3,52
140,3,52
140,3,52
144,1,38
140,3,52
145,1,44
148,2,42
148,2,42
140,3,52
148,2,42
141,3,37
141,3,37
141,3,37
141,3,37
149,2,28
141,3,37
146,1,38
149,2,28
146,1,38
142,3,47
150,2,37
147,1,42
150,2,37
142,3,47
142,3,47
143,3,37
147,1,42
147,1,42
151,2,38
148,1,36
152,2,33
149,1,43
144,3,41
153,2,50
153,2,50
145,3,42
153,2,50
153,2,50
150,1,49
150,1,49
146,3,48
154,2,34
146,3,48
151,1,43
151,1,43
155,2,40
156,2,35
156,2,35
153,1,32
148,3,42
148,3,42
149,3,49
149,3,49
149,3,49
149,3,49
158,2,48
150,3,34
158,2,48
159,2,38
155,1,42
159,2,38
151,3,39
159,2,38
156,1,39
159,2,38
159,2,38
151,3,39
160,2,41
157,1,36
157,1,36
157,1,36
152,3,45
152,3,45
152,3,45
152,3,45
152,3,45
161,2,32
162,2,30
158,1,38
153,3,38
153,3,38
162,2,30
162,2,30
159,1,45
154,3,46
154,3,46
163,2,44
163,2,44
159,1,45
154,3,46
155,3,38
164,2,41
155,3,38
164,2,41
155,3,38
164,2,41
160,1,35
156,3,46
161,1,44
161,1,44
161,1,44
156,3,46
165,2,41
157,3,44
165,2,41
157,3,44
157,3,44
163,1,36
163,1,36
158,3,34
158,3,34
163,1,36
158,3,34
158,3,34
167,2,35
164,1,41
159,3,37
159,3,37
164,1,41
159,3,37
159,3,37
169,2,38
169,2,38
169,2,38
160,3,44
169,2,38
161,3,44
166,1,38
161,3,44
166,1,38
161,3,44
171,2,49
167,1,42
162,3,53
171,2,49
171,2,49
168,1,46
172,2,48
168,1,46
168,1,46
168,1,46
163,3,40
169,1,42
163,3,40
173,2,43
164,3,38
169,1,42
164,3,38
173,2,43
174,2,37
174,2,37
170,1,48
166,3,49
171,1,36
172,1,28
173,1,31
173,1,31
177,2,40
168,3,36
168,3,36
175,1,39
178,2,32
179,2,33
169,3,40
179,2,33
180,2,37
180,2,37
170,3,36
180,2,37
171,3,35
171,3,35
180,2,37
177,1,38
172,3,44
181,2,35
181,2,35
182,2,46
178,1,43
182,2,46
173,3,46
182,2,46
173,3,46
182,2,46
183,2,47
183,2,47
179,1,39
179,1,39
179,1,39
183,2,47
174,3,51
174,3,51
184,2,35
174,3,51
181,1,47
181,1,47
181,1,47
181,1,47
181,1,47
185,2,42
182,1,44
185,2,42
176,3,41
186,2,38
182,1,44
182,1,44
176,3,41
186,2,38
183,1,33
183,1,33
187,2,43
187,2,43
187,2,43
183,1,33
187,2,43
177,3,42
177,3,42
187,2,43
188,2,40
178,3,45
178,3,45
185,1,38
179,3,48
189,2,37
185,1,38
179,3,48
189,2,37
179,3,48
179,3,48
180,3,53
180,3,53
186,1,40
180,3,53
190,2,53
187,1,38
180,3,53
187,1,38
187,1,38
190,2,53
180,3,53
191,2,39
191,2,39
191,2,39
181,3,38
191,2,39
181,3,38
188,1,41
181,3,38
188,1,41
192,2,43
182,3,30
189,1,44
193,2,48
183,3,40
183,3,40
190,1,32
193,2,48
184,3,35
191,1,36
194,2,43
191,1,36
194,2,43
194,2,43
185,3,40
185,3,40
192,1,39
185,3,40
186,3,42
195,2,36
186,3,42
186,3,42
186,3,42
187,3,39
193,1,37
194,1,43
194,1,43
194,1,43
188,3,39
188,3,39
195,1,39
195,1,39
198,2,35
198,2,35
198,2,35
196,1,43
199,2,38
196,1,43
199,2,38
190,3,35
190,3,35
197,1,40
200,2,37
190,3,35
200,2,37
200,2,37
197,1,40
197,1,40
191,3,45
191,3,45
197,1,40
201,2,44
191,3,45
191,3,45
201,2,44
191,3,45
191,3,45
202,2,33
203,2,39
200,1,42
193,3,35
203,2,39
204,2,43
200,1,42
204,2,43
204,2,43
204,2,43
195,3,45
205,2,41
202,1,38
196,3,39
203,1,37
203,1,37
206,2,37
203,1,37
207,2,40
203,1,37
207,2,40
204,1,32
198,3,49
204,1,32
205,1,40
205,1,40
208,2,43
208,2,43
205,1,40
198,3,49
208,2,43
199,3,34
209,2,43
209,2,43
209,2,43
209,2,43
210,2,44
210,2,44
210,2,44
211,2,40
201,3,37
208,1,40
211,2,40
208,1,40
202,3,49
212,2,42
202,3,49
212,2,42
212,2,42
209,1,35
213,2,34
203,3,44
210,1,31
210,1,31
210,1,31
203,3,44
213,2,34
214,2,39
204,3,45
215,2,39
215,2,39
205,3,39
205,3,39
205,3,39
205,3,39
213,1,41
206,3,39
206,3,39
217,2,34
207,3,40
207,3,40
218,2,35
207,3,40
215,1,35
215,1,35
208,3,37
208,3,37
208,3,37
208,3,37
208,3,37
209,3,42
216,1,37
209,3,42
209,3,42
217,1,48
209,3,42
209,3,42
220,2,41
209,3,42
210,3,45
220,2,41
217,1,48
210,3,45
218,1,47
211,3,43
218,1,47
211,3,43
211,3,43
219,1,44
219,1,44
223,2,48
220,1,34
212,3,49
223,2,48
223,2,48
213,3,45
213,3,45
221,1,48
224,2,28
214,3,48
222,1,36
225,2,40
214,3,48
214,3,48
225,2,40
222,1,36
215,3,46
215,3,46
215,3,46
226,2,42
223,1,26
226,2,42
224,1,51
227,2,49
227,2,49
227,2,49
227,2,49
227,2,49
225,1,41
227,2,49
225,1,41
228,2,39
217,3,38
226,1,39
217,3,38
229,2,45
218,3,38
229,2,45
226,1,39
227,1,39
227,1,39
219,3,35
219,3,35
219,3,35
230,2,45
231,2,38
231,2,38
220,3,45
229,1,38
220,3,45
232,2,35
232,2,35
232,2,35
222,3,42
230,1,44
222,3,42
233,2,36
231,1,39
223,3,46
223,3,46
234,2,36
223,3,46
235,2,32
235,2,32
224,3,41
235,2,32
224,3,41
236,2,35
236,2,35
225,3,39
234,1,41
226,3,39
234,1,41
226,3,39
234,1,41
226,3,39
234,1,41
234,1,41
234,1,41
234,1,41
227,3,32
235,1,47
235,1,47
235,1,47
239,2,42
239,2,42
235,1,47
235,1,47
228,3,48
240,2,40
236,1,36
236,1,36
229,3,37
229,3,37
237,1,36
237,1,36
241,2,44
238,1,45
241,2,44
241,2,44
238,1,45
238,1,45
241,2,44
238,1,45
239,1,45
231,3,43
239,1,45
239,1,45
231,3,43
239,1,45
243,2,34
244,2,40
244,2,40
240,1,46
232,3,40
240,1,46
240,1,46
244,2,40
244,2,40
245,2,40
241,1,39
245,2,40
241,1,39
234,3,43
245,2,40
234,3,43
246,2,41
234,3,43
242,1,40
235,3,41
235,3,41
243,1,31
235,3,41
243,1,31
244,1,42
247,2,36
236,3,49
247,2,36
244,1,42
244,1,42
236,3,49
236,3,49
244,1,42
249,2,42
245,1,47
245,1,47
245,1,47
245,1,47
249,2,42
245,1,47
238,3,39
250,2,40
251,2,47
251,2,47
251,2,47
247,1,39
247,1,39
252,2,45
241,3,37
241,3,37
249,1,40
241,3,37
241,3,37
242,3,46
249,1,40
253,2,36
253,2,36
254,2,42
250,1,41
243,3,55
243,3,55
255,2,32
256,2,42
244,3,38
252,1,34
256,2,42
244,3,38
256,2,42
252,1,34
244,3,38
244,3,38
257,2,46
245,3,33
245,3,33
245,3,33
257,2,46
246,3,34
257,2,46
253,1,50
246,3,34
258,2,53
246,3,34
254,1,45
258,2,53
258,2,53
254,1,45
258,2,53
247,3,45
247,3,45
255,1,60
259,2,38
259,2,38
255,1,60
259,2,38
248,3,32
248,3,32
260,2,35
255,1,60
249,3,38
256,1,35
261,2,42
250,3,39
262,2,41
258,1,34
258,1,34
251,3,38
251,3,38
251,3,38
251,3,38
262,2,41
263,2,38
252,3,41
252,3,41
259,1,40
259,1,40
263,2,38
252,3,41
253,3,34
253,3,34
260,1,40
260,1,40
253,3,34
264,2,43
253,3,34
264,2,43
265,2,46
265,2,46
261,1,36
254,3,33
261,1,36
255,3,28
265,2,46
262,1,37
255,3,28
256,3,43
266,2,43
256,3,43
256,3,43
267,2,30
257,3,41
263,1,42
263,1,42
264,1,41
264,1,41
264,1,41
264,1,41
264,1,41
268,2,42
269,2,39
269,2,39
258,3,33
259,3,42
269,2,39
269,2,39
259,3,42
259,3,42
259,3,42
260,3,45
267,1,43
267,1,43
270,2,35
260,3,45
271,2,44
267,1,43
268,1,43
268,1,43
268,1,43
261,3,42
268,1,43
272,2,48
272,2,48
269,1,42
272,2,48
269,1,42
262,3,42
262,3,42
269,1,42
263,3,40
270,1,44
263,3,40
270,1,44
274,2,33
274,2,33
274,2,33
264,3,36
271,1,42
275,2,37
264,3,36
271,1,42
275,2,37
272,1,29
272,1,29
265,3,42
276,2,38
273,1,38
277,2,43
274,1,49
277,2,43
267,3,47
277,2,43
267,3,47
274,1,49
278,2,36
267,3,47
267,3,47
278,2,36
267,3,47
279,2,30
279,2,30
275,1,35
268,3,35
279,2,30
268,3,35
276,1,42
277,1,40
281,2,39
281,2,39
282,2,41
277,1,40
282,2,41
271,3,34
279,1,44
272,3,43
279,1,44
273,3,43
280,1,41
285,2,36
273,3,43
280,1,41
281,1,40
281,1,40
286,2,43
286,2,43
286,2,43
282,1,38
275,3,48
275,3,48
275,3,48
282,1,38
282,1,38
287,2,41
275,3,48
287,2,41
287,2,41
287,2,41
283,1,35
287,2,41
287,2,41
283,1,35
283,1,35
276,3,40
284,1,44
284,1,44
288,2,40
284,1,44
288,2,40
277,3,37
284,1,44
277,3,37
277,3,37
285,1,41
285,1,41
285,1,41
278,3,50
278,3,50
290,2,41
290,2,41
290,2,41
290,2,41
290,2,41
279,3,46
279,3,46
279,3,46
291,2,43
287,1,38
291,2,43
287,1,38
280,3,44
287,1,38
287,1,38
280,3,44
292,2,38
288,1,39
280,3,44
292,2,38
293,2,41
288,1,39
293,2,41
293,2,41
281,3,41
281,3,41
294,2,35
282,3,41
289,1,52
282,3,41
294,2,35
282,3,41
289,1,52
294,2,35
294,2,35
295,2,45
283,3,48
290,1,36
295,2,45
283,3,48
283,3,48
283,3,48
291,1,36
296,2,48
296,2,48
292,1,40
292,1,40
292,1,40
297,2,41
292,1,40
297,2,41
292,1,40
297,2,41
285,3,43
297,2,41
293,1,38
285,3,43
297,2,41
297,2,41
298,2,41
298,2,41
294,1,41
286,3,36
294,1,41
286,3,36
298,2,41
298,2,41
294,1,41
294,1,41
286,3,36
287,3,41
299,2,43
299,2,43
295,1,37
287,3,41
295,1,37
300,2,38
288,3,41
296,1,33
300,2,38
300,2,38
300,2,38
297,1,32
297,1,32
289,3,37
297,1,32
298,1,49
298,1,49
298,1,49
302,2,44
290,3,43
299,1,39
303,2,45
299,1,39
299,1,39
299,1,39
303,2,45
291,3,41
303,2,45
299,1,39
300,1,33
301,1,37
292,3,42
305,2,49
305,2,49
305,2,49
301,1,37
301,1,37
302,1,34
305,2,49
302,1,34
306,2,44
306,2,44
306,2,44
294,3,44
306,2,44
307,2,39
304,1,32
304,1,32
304,1,32
307,2,39
308,2,46
295,3,38
308,2,46
295,3,38
295,3,38
305,1,42
305,1,42
296,3,39
309,2,39
306,1,39
297,3,47
309,2,39
310,2,43
310,2,43
310,2,43
310,2,43
310,2,43
298,3,30
307,1,44
298,3,30
308,1,38
299,3,38
299,3,38
308,1,38
311,2,51
299,3,38
300,3,49
309,1,36
309,1,36
300,3,49
309,1,36
310,1,41
300,3,49
310,1,41
312,2,41
310,1,41
301,3,47
301,3,47
301,3,47
310,1,41
310,1,41
313,2,35
313,2,35
313,2,35
301,3,47
301,3,47
301,3,47
311,1,38
312,1,39
302,3,42
312,1,39
314,2,45
312,1,39
303,3,42
303,3,42
313,1,41
303,3,42
303,3,42
316,2,33
316,2,33
316,2,33
313,1,41
316,2,33
314,1,35
304,3,56
317,2,49
304,3,56
304,3,56
317,2,49
315,1,41
315,1,41
318,2,34
315,1,41
316,1,42
318,2,34
316,1,42
306,3,37
316,1,42
306,3,37
316,1,42
319,2,43
319,2,43
307,3,37
319,2,43
317,1,30
318,1,43
320,2,27
320,2,27
320,2,27
318,1,43
318,1,43
318,1,43
308,3,36
318,1,43
308,3,36
319,1,38
319,1,38
319,1,38
309,3,45
310,3,36
322,2,39
320,1,45
320,1,45
323,2,37
320,1,45
323,2,37
321,1,42
321,1,42
321,1,42
321,1,42
324,2,35
324,2,35
321,1,42
322,1,43
312,3,40
325,2,55
325,2,55
313,3,44
325,2,55
323,1,42
326,2,36
323,1,42
313,3,44
323,1,42
314,3,40
327,2,42
324,1,45
315,3,42
325,1,30
315,3,42
325,1,30
328,2,38
325,1,30
328,2,38
328,2,38
316,3,45
329,2,42
326,1,36
329,2,42
330,2,39
330,2,39
317,3,41
330,2,39
331,2,38
328,1,40
318,3,43
329,1,42
329,1,42
332,2,38
332,2,38
319,3,39
332,2,38
332,2,38
319,3,39
332,2,38
330,1,39
330,1,39
333,2,43
333,2,43
331,1,35
334,2,37
321,3,41
334,2,37
332,1,46
334,2,37
332,1,46
321,3,41
332,1,46
332,1,46
322,3,38
333,1,33
322,3,38
335,2,40
335,2,40
336,2,43
334,1,46
323,3,41
336,2,43
323,3,41
334,1,46
323,3,41
324,3,40
337,2,34
335,1,33
337,2,34
335,1,33
337,2,34
335,1,33
338,2,43
324,3,40
335,1,33
338,2,43
338,2,43
325,3,35
336,1,35
336,1,35
336,1,35
325,3,35
339,2,45
339,2,45
326,3,48
340,2,46
338,1,40
340,2,46
338,1,40
338,1,40
327,3,49
340,2,46
327,3,49
327,3,49
341,2,38
339,1,35
339,1,35
341,2,38
328,3,42
328,3,42
328,3,42
342,2,44
340,1,32
329,3,36
342,2,44
341,1,39
330,3,42
330,3,42
344,2,31
342,1,41
342,1,41
342,1,41
331,3,47
342,1,41
331,3,47
343,1,50
343,1,50
343,1,50
345,2,39
345,2,39
331,3,47
345,2,39
345,2,39
345,2,39
331,3,47
343,1,50
345,2,39
343,1,50
332,3,36
344,1,39
344,1,39
332,3,36
344,1,39
333,3,44
333,3,44
347,2,41
345,1,40
345,1,40
346,1,39
334,3,37
334,3,37
346,1,39
346,1,39
348,2,41
348,2,41
335,3,47
346,1,39
349,2,46
349,2,46
335,3,47
349,2,46
349,2,46
347,1,44
336,3,42
336,3,42
350,2,36
350,2,36
348,1,37
348,1,37
349,1,32
351,2,28
337,3,41
349,1,32
349,1,32
352,2,38
350,1,46
352,2,38
352,2,38
350,1,46
338,3,37
353,2,37
353,2,37
354,2,41
354,2,41
339,3,40
351,1,44
339,3,40
340,3,42
352,1,44
352,1,44
355,2,40
352,1,44
355,2,40
340,3,42
352,1,44
341,3,43
341,3,43
341,3,43
342,3,35
342,3,35
356,2,43
356,2,43
357,2,40
357,2,40
343,3,45
355,1,49
355,1,49
355,1,49
358,2,44
343,3,45
358,2,44
343,3,45
359,2,35
356,1,37
356,1,37
357,1,34
357,1,34
360,2,40
358,1,35
358,1,35
358,1,35
360,2,40
360,2,40
360,2,40
358,1,35
361,2,38
359,1,43
359,1,43
359,1,43
359,1,43
362,2,46
360,1,43
347,3,35
360,1,43
360,1,43
360,1,43
360,1,43
348,3,42
348,3,42
361,1,41
363,2,33
361,1,41
361,1,41
362,1,36
349,3,42
362,1,36
349,3,42
362,1,36
362,1,36
365,2,40
365,2,40
350,3,38
365,2,40
366,2,34
366,2,34
363,1,37
351,3,48
366,2,34
366,2,34
367,2,42
351,3,48
367,2,42
367,2,42
368,2,42
365,1,31
352,3,38
369,2,40
366,1,48
369,2,40
369,2,40
369,2,40
353,3,51
367,1,37
367,1,37
367,1,37
354,3,38
354,3,38
371,2,39
371,2,39
368,1,39
371,2,39
371,2,39
368,1,39
356,3,40
356,3,40
356,3,40
369,1,43
372,2,36
356,3,40
372,2,36
357,3,46
370,1,43
357,3,46
357,3,46
371,1,30
358,3,41
358,3,41
374,2,42
371,1,30
372,1,42
359,3,42
360,3,37
360,3,37
377,2,38
374,1,45
375,1,32
378,2,39
378,2,39
378,2,39
378,2,39
378,2,39
362,3,38
362,3,38
362,3,38
379,2,35
362,3,38
379,2,35
362,3,38
379,2,35
363,3,50
363,3,50
380,2,45
363,3,50
380,2,45
376,1,43
376,1,43
380,2,45
364,3,44
377,1,35
378,1,38
378,1,38
378,1,38
381,2,38
382,2,37
365,3,49
365,3,49
365,3,49
366,3,38
383,2,30
381,1,33
381,1,33
367,3,41
382,1,46
382,1,46
382,1,46
368,3,39
368,3,39
382,1,46
368,3,39
368,3,39
382,1,46
368,3,39
368,3,39
369,3,37
382,1,46
369,3,37
369,3,37
383,1,50
383,1,50
387,2,42
370,3,53
370,3,53
384,1,44
370,3,53
384,1,44
384,1,44
388,2,37
388,2,37
385,1,40
385,1,40
388,2,37
385,1,40
385,1,40
385,1,40
371,3,51
386,1,38
386,1,38
372,3,42
389,2,41
390,2,47
390,2,47
390,2,47
387,1,36
390,2,47
390,2,47
390,2,47
373,3,44
373,3,44
391,2,37
374,3,33
391,2,37
391,2,37
374,3,33
392,2,39
392,2,39
389,1,37
375,3,43
392,2,39
393,2,43
390,1,37
394,2,44
391,1,46
394,2,44
377,3,47
377,3,47
377,3,47
377,3,47
377,3,47
392,1,39
378,3,43
392,1,39
395,2,38
392,1,39
393,1,35
378,3,43
396,2,45
396,2,45
378,3,43
378,3,43
396,2,45
393,1,35
379,3,40
393,1,35
397,2,44
397,2,44
395,1,42
398,2,41
398,2,41
395,1,42
398,2,41
396,1,43
396,1,43
396,1,43
399,2,42
399,2,42
381,3,49
381,3,49
381,3,49
399,2,42
399,2,42
400,2,50
400,2,50
400,2,50
383,3,40
383,3,40
398,1,35
400,2,50
401,2,44
398,1,35
383,3,40
383,3,40
401,2,44
401,2,44
384,3,27
384,3,27
384,3,27
385,3,42
402,2,37
385,3,42
402,2,37
400,1,43
400,1,43
403,2,43
386,3,43
400,1,43
401,1,34
386,3,43
402,1,41
404,2,34
405,2,43
405,2,43
403,1,51
405,2,43
388,3,39
403,1,51
403,1,51
389,3,42
389,3,42
404,1,40
408,2,43
405,1,26
408,2,43
408,2,43
391,3,37
391,3,37
391,3,37
406,1,41
391,3,37
391,3,37
391,3,37
391,3,37
391,3,37
391,3,37
391,3,37
392,3,42
406,1,41
406,1,41
406,1,41
409,2,36
392,3,42
409,2,36
392,3,42
393,3,42
393,3,42
393,3,42
408,1,34
408,1,34
411,2,41
408,1,34
394,3,42
409,1,51
409,1,51
409,1,51
409,1,51
409,1,51
395,3,40
396,3,32
396,3,32
413,2,45
396,3,32
396,3,32
414,2,47
414,2,47
414,2,47
414,2,47
412,1,41
415,2,33
398,3,44
398,3,44
398,3,44
416,2,40
399,3,37
399,3,37
416,2,40
413,1,48
416,2,40
414,1,38
414,1,38
418,2,29
415,1,43
415,1,43
415,1,43
401,3,42
415,1,43
418,2,29
419,2,48
419,2,48
416,1,36
416,1,36
416,1,36
419,2,48
416,1,36
402,3,42
417,1,33
403,3,26
418,1,42
404,3,46
421,2,32
421,2,32
404,3,46
404,3,46
421,2,32
418,1,42
419,1,37
422,2,47
419,1,37
419,1,37
420,1,43
405,3,51
405,3,51
405,3,51
420,1,43
406,3,48
406,3,48
420,1,43
406,3,48
424,2,36
424,2,36
421,1,45
407,3,45
407,3,45
408,3,43
426,2,34
423,1,38
423,1,38
426,2,34
427,2,45
409,3,33
424,1,46
409,3,33
427,2,45
424,1,46
425,1,34
425,1,34
429,2,38
426,1,39
426,1,39
411,3,41
411,3,41
411,3,41
412,3,48
412,3,48
427,1,37
428,1,43
412,3,48
431,2,45
413,3,27
413,3,27
413,3,27
428,1,43
428,1,43
431,2,45
431,2,45
431,2,45
432,2,37
432,2,37
432,2,37
432,2,37
432,2,37
414,3,35
432,2,37
432,2,37
415,3,44
430,1,47
430,1,47
430,1,47
415,3,44
416,3,44
416,3,44
416,3,44
431,1,40
434,2,43
416,3,44
431,1,40
431,1,40
417,3,39
435,2,43
432,1,36
435,2,43
418,3,49
433,1,42
418,3,49
436,2,37
418,3,49
433,1,42
436,2,37
436,2,37
433,1,42
437,2,41
434,1,43
437,2,41
434,1,43
434,1,43
437,2,41
419,3,35
434,1,43
435,1,44
438,2,44
435,1,44
438,2,44
439,2,40
439,2,40
436,1,39
439,2,40
436,1,39
439,2,40
440,2,41
440,2,41
437,1,43
437,1,43
437,1,43
437,1,43
440,2,41
441,2,31
441,2,31
438,1,45
441,2,31
423,3,35
438,1,45
423,3,35
423,3,35
439,1,42
439,1,42
439,1,42
424,3,38
439,1,42
439,1,42
439,1,42
439,1,42
439,1,42
443,2,41
425,3,45
425,3,45
425,3,45
444,2,43
426,3,47
444,2,43
441,1,47
441,1,47
444,2,43
444,2,43
445,2,36
441,1,47
441,1,47
441,1,47
445,2,36
442,1,32
442,1,32
442,1,32
442,1,32
427,3,38
443,1,44
427,3,38
443,1,44
443,1,44
443,1,44
447,2,40
443,1,44
447,2,40
444,1,42
444,1,42
444,1,42
445,1,44
430,3,36
449,2,42
449,2,42
445,1,44
449,2,42
446,1,39
430,3,36
431,3,35
450,2,39
446,1,39
450,2,39
431,3,35
450,2,39
447,1,38
432,3,47
432,3,47
432,3,47
447,1,38
432,3,47
447,1,38
432,3,47
451,2,41
451,2,41
433,3,37
433,3,37
449,1,34
449,1,34
453,2,31
453,2,31
453,2,31
450,1,48
450,1,48
435,3,33
450,1,48
451,1,31
436,3,44
436,3,44
436,3,44
455,2,34
451,1,31
451,1,31
456,2,40
452,1,44
452,1,44
452,1,44
452,1,44
452,1,44
452,1,44
437,3,36
456,2,40
453,1,43
438,3,31
457,2,38
457,2,38
457,2,38
438,3,31
453,1,43
439,3,38
457,2,38
458,2,34
458,2,34
439,3,38
458,2,34
439,3,38
458,2,34
454,1,39
459,2,34
455,1,42
460,2,37
441,3,42
456,1,33
456,1,33
460,2,37
460,2,37
442,3,50
461,2,44
461,2,44
457,1,38
442,3,50
458,1,39
458,1,39
462,2,46
459,1,42
444,3,35
459,1,42
444,3,35
444,3,35
444,3,35
463,2,32
459,1,42
459,1,42
460,1,42
445,3,40
445,3,40
445,3,40
460,1,42
460,1,42
445,3,40
445,3,40
460,1,42
460,1,42
460,1,42
446,3,42
461,1,38
465,2,43
465,2,43
465,2,43
465,2,43
461,1,38
447,3,42
466,2,36
462,1,37
466,2,36
466,2,36
466,2,36
462,1,37
466,2,36
448,3,48
463,1,33
463,1,33
463,1,33
468,2,34
468,2,34
464,1,46
449,3,44
449,3,44
468,2,34
449,3,44
464,1,46
464,1,46
465,1,42
450,3,33
451,3,48
451,3,48
451,3,48
467,1,46
451,3,48
451,3,48
451,3,48
451,3,48
471,2,43
451,3,48
451,3,48
452,3,37
467,1,46
452,3,37
452,3,37
467,1,46
452,3,37
452,3,37
453,3,46
453,3,46
468,1,47
468,1,47
472,2,36
473,2,45
468,1,47
468,1,47
473,2,45
469,1,39
469,1,39
473,2,45
469,1,39
454,3,42
469,1,39
469,1,39
470,1,36
454,3,42
455,3,44
470,1,36
455,3,44
471,1,45
475,2,45
475,2,45
471,1,45
456,3,47
476,2,37
456,3,47
476,2,37
472,1,35
472,1,35
472,1,35
472,1,35
477,2,35
473,1,34
473,1,34
457,3,44
473,1,34
473,1,34
473,1,34
458,3,47
474,1,39
474,1,39
474,1,39
474,1,39
475,1,40
458,3,47
475,1,40
475,1,40
459,3,44
479,2,43
479,2,43
476,1,48
476,1,48
476,1,48
460,3,41
460,3,41
477,1,44
477,1,44
481,2,39
461,3,38
477,1,44
461,3,38
477,1,44
482,2,38
478,1,39
478,1,39
483,2,44
483,2,44
479,1,44
480,1,42
484,2,44
484,2,44
484,2,44
484,2,44
485,2,46
464,3,38
485,2,46
481,1,37
485,2,46
465,3,35
465,3,35
482,1,42
465,3,35
465,3,35
465,3,35
482,1,42
486,2,37
466,3,42
482,1,42
466,3,42
467,3,39
487,2,38
467,3,39
467,3,39
467,3,39
467,3,39
483,1,36
487,2,38
467,3,39
488,2,36
468,3,39
484,1,38
488,2,36
484,1,38
468,3,39
488,2,36
484,1,38
468,3,39
485,1,41
485,1,41
489,2,33
485,1,41
485,1,41
489,2,33
490,2,34
469,3,44
490,2,34
470,3,44
470,3,44
470,3,44
471,3,32
491,2,45
471,3,32
492,2,38
488,1,34
492,2,38
488,1,34
492,2,38
492,2,38
488,1,34
488,1,34
472,3,49
488,1,34
488,1,34
493,2,30
488,1,34
472,3,49
489,1,44
494,2,42
473,3,41
473,3,41
494,2,42
489,1,44
473,3,41
495,2,35
474,3,45
495,2,35
491,1,31
475,3,35
492,1,41
475,3,35
496,2,43
496,2,43
497,2,34
497,2,34
497,2,34
476,3,35
492,1,41
476,3,35
476,3,35
493,1,51
476,3,35
493,1,51
476,3,35
493,1,51
476,3,35
493,1,51
477,3,41
493,1,51
477,3,41
477,3,41
477,3,41
477,3,41
477,3,41
494,1,37
477,3,41
498,2,38
494,1,37
494,1,37
494,1,37
478,3,44
495,1,36
495,1,36
500,2,46
479,3,33
500,2,46
500,2,46
479,3,33
496,1,44
497,1,47
497,1,47
480,3,38
497,1,47
501,2,44
481,3,44
501,2,44
481,3,44
501,2,44
501,2,44
481,3,44
481,3,44
502,2,41
502,2,41
482,3,40
482,3,40
482,3,40
483,3,40
499,1,36
499,1,36
503,2,42
499,1,36
499,1,36
504,2,39
483,3,40
504,2,39
500,1,36
504,2,39
484,3,38
501,1,41
505,2,44
485,3,33
501,1,41
502,1,46
502,1,46
502,1,46
502,1,46
506,2,41
506,2,41
507,2,48
486,3,40
486,3,40
487,3,39
487,3,39
507,2,48
487,3,39
504,1,39
488,3,50
504,1,39
488,3,50
509,2,41
505,1,45
505,1,45
505,1,45
509,2,41
489,3,43
505,1,45
506,1,35
506,1,35
510,2,49
506,1,35
510,2,49
510,2,49
510,2,49
507,1,35
490,3,55
511,2,39
508,1,36
508,1,36
491,3,44
492,3,41
512,2,47
509,1,38
492,3,41
492,3,41
492,3,41
510,1,31
510,1,31
511,1,40
493,3,39
511,1,40
512,1,38
494,3,41
515,2,41
515,2,41
495,3,49
512,1,38
512,1,38
516,2,35
516,2,35
513,1,39
513,1,39
496,3,33
517,2,38
514,1,34
496,3,33
496,3,33
514,1,34
514,1,34
497,3,39
518,2,39
518,2,39
497,3,39
515,1,35
518,2,39
518,2,39
516,1,34
516,1,34
519,2,35
498,3,35
516,1,34
499,3,42
499,3,42
518,1,40
518,1,40
500,3,38
518,1,40
521,2,34
518,1,40
500,3,38
521,2,34
519,1,42
519,1,42
519,1,42
501,3,35
522,2,41
522,2,41
501,3,35
522,2,41
519,1,42
520,1,29
520,1,29
520,1,29
521,1,46
521,1,46
521,1,46
523,2,41
523,2,41
521,1,46
521,1,46
521,1,46
524,2,40
503,3,46
504,3,42
525,2,48
504,3,42
525,2,48
526,2,45
526,2,45
526,2,45
526,2,45
526,2,45
524,1,33
526,2,45
506,3,44
525,1,39
525,1,39
526,1,38
528,2,48
526,1,38
528,2,48
508,3,48
528,2,48
527,1,32
528,2,48
529,2,41
529,2,41
527,1,32
508,3,48
527,1,32
528,1,30
529,2,41
529,2,41
509,3,41
509,3,41
528,1,30
528,1,30
530,2,31
529,1,33
529,1,33
530,2,31
530,2,31
529,1,33