Shift,Start Time,End Time,Emp ID
1,8,16,8
2,16,24,2
3,24,32,14
4,32,40,14
5,40,48,8
6,48,56,4
7,56,64,17
8,64,72,10
9,72,80,20
10,80,88,7
11,88,96,7
12,96,104,9
13,104,112,5
14,112,120,17
15,120,128,19
16,128,136,5
17,136,144,19
18,144,152,6
19,152,160,9
20,160,168,18
21,168,176,10
22,176,184,5
23,184,192,11
24,192,200,12
25,200,208,12
26,208,216,19
27,216,224,17
28,224,232,18
29,232,240,20
30,240,248,7
31,248,256,6
32,256,264,18
33,264,272,5
34,272,280,15
35,280,288,18
36,288,296,10
37,296,304,6
38,304,312,4
39,312,320,5
40,320,328,6
41,328,336,2
42,336,344,13
43,344,352,16
44,352,360,15
45,360,368,2
46,368,376,3
47,376,384,10
48,384,392,19
49,392,400,17
50,400,408,15
51,408,416,7
52,416,424,4
53,424,432,17
54,432,440,15
55,440,448,6
56,448,456,4
57,456,464,4
58,464,472,8
59,472,480,15
60,480,488,12
61,488,496,8
62,496,504,13
63,504,512,9
64,512,520,5
65,520,528,8
66,528,536,18
67,536,544,15
68,544,552,5
69,552,560,16
70,560,568,12
71,568,576,9
72,576,584,16
73,584,592,12
74,592,600,4
75,600,608,5
76,608,616,8
77,616,624,6
78,624,632,13
79,632,640,12
80,640,648,3
81,648,656,11
82,656,664,10
83,664,672,18
84,672,680,2
85,680,688,13
86,688,696,7
87,696,704,5
88,704,712,8
89,712,720,1
90,720,728,14
91,728,736,15
92,736,744,7
93,744,752,9
94,752,760,5
95,760,768,3
96,768,776,19
97,776,784,6
98,784,792,10
99,792,800,4
100,800,808,15
101,808,816,8
102,816,824,15
103,824,832,19
104,832,840,17
105,840,848,3
106,848,856,16
107,856,864,15
108,864,872,5
109,872,880,20
110,880,888,6
111,888,896,18
112,896,904,14
113,904,912,3
114,912,920,13
115,920,928,12
116,928,936,18
117,936,944,8
118,944,952,7
119,952,960,16
120,960,968,10
121,968,976,9
122,976,984,1
123,984,992,13
124,992,1000,14
125,1000,1008,19
126,1008,1016,8
127,1016,1024,9
128,1024,1032,12
129,1032,1040,9
130,1040,1048,3
131,1048,1056,14
132,1056,1064,5
133,1064,1072,2
134,1072,1080,8
135,1080,1088,5
136,1088,1096,5
137,1096,1104,9
138,1104,1112,12
139,1112,1120,18
140,1120,1128,12
141,1128,1136,3
142,1136,1144,2
143,1144,1152,14
144,1152,1160,8
145,1160,1168,11
146,1168,1176,9
147,1176,1184,18
148,1184,1192,8
149,1192,1200,13
150,1200,1208,2
151,1208,1216,19
152,1216,1224,8
153,1224,1232,6
154,1232,1240,2
155,1240,1248,17
156,1248,1256,3
157,1256,1264,17
158,1264,1272,17
159,1272,1280,8
160,1280,1288,6
161,1288,1296,15
162,1296,1304,18
163,1304,1312,9
164,1312,1320,5
165,1320,1328,14
166,1328,1336,10
167,1336,1344,5
168,1344,1352,16
169,1352,1360,19
170,1360,1368,11
171,1368,1376,11
172,1376,1384,14
173,1384,1392,8
174,1392,1400,19
175,1400,1408,3
176,1408,1416,2
177,1416,1424,15
178,1424,1432,17
179,1432,1440,9
180,1440,1448,8
181,1448,1456,16
182,1456,1464,6
183,1464,1472,14
184,1472,1480,20
185,1480,1488,2
186,1488,1496,18
187,1496,1504,11
188,1504,1512,1
189,1512,1520,12
190,1520,1528,11
191,1528,1536,19
192,1536,1544,8
193,1544,1552,13
194,1552,1560,16
195,1560,1568,6
196,1568,1576,19
197,1576,1584,11
198,1584,1592,4
199,1592,1600,12
200,1600,1608,6
201,1608,1616,19
202,1616,1624,3
203,1624,1632,5
204,1632,1640,10
205,1640,1648,12
206,1648,1656,5
207,1656,1664,4
208,1664,1672,5
209,1672,1680,4
210,1680,1688,7
211,1688,1696,13
212,1696,1704,17
213,1704,1712,3
214,1712,1720,11
215,1720,1728,2
216,1728,1736,11
217,1736,1744,10
218,1744,1752,7
219,1752,1760,12
220,1760,1768,11
221,1768,1776,5
222,1776,1784,18
223,1784,1792,19
224,1792,1800,9
225,1800,1808,17
226,1808,1816,14
227,1816,1824,16
228,1824,1832,1
229,1832,1840,15
230,1840,1848,5
231,1848,1856,18
232,1856,1864,9
233,1864,1872,8
234,1872,1880,2
235,1880,1888,10
236,1888,1896,7
237,1896,1904,17
238,1904,1912,15
239,1912,1920,16
240,1920,1928,6
241,1928,1936,1
242,1936,1944,14
243,1944,1952,1
244,1952,1960,8
245,1960,1968,12
246,1968,1976,3
247,1976,1984,20
248,1984,1992,17
249,1992,2000,6
250,2000,2008,9
251,2008,2016,4
252,2016,2024,6
253,2024,2032,19
254,2032,2040,13
255,2040,2048,4
256,2048,2056,5
257,2056,2064,13
258,2064,2072,10
259,2072,2080,11
260,2080,2088,6
261,2088,2096,14
262,2096,2104,11
263,2104,2112,6
264,2112,2120,2
265,2120,2128,1
266,2128,2136,6
267,2136,2144,17
268,2144,2152,18
269,2152,2160,7
270,2160,2168,18
271,2168,2176,12
272,2176,2184,16
273,2184,2192,7
274,2192,2200,4
275,2200,2208,5
276,2208,2216,3
277,2216,2224,16
278,2224,2232,16
279,2232,2240,11
280,2240,2248,11
281,2248,2256,16
282,2256,2264,18
283,2264,2272,15
284,2272,2280,8
285,2280,2288,7
286,2288,2296,20
287,2296,2304,4
288,2304,2312,3
289,2312,2320,11
290,2320,2328,16
291,2328,2336,18
292,2336,2344,6
293,2344,2352,14
294,2352,2360,16
295,2360,2368,13
296,2368,2376,10
297,2376,2384,8
298,2384,2392,19
299,2392,2400,1
300,2400,2408,7
301,2408,2416,12
302,2416,2424,7
303,2424,2432,18
304,2432,2440,8
305,2440,2448,19
306,2448,2456,14
307,2456,2464,15
308,2464,2472,17
309,2472,2480,2
310,2480,2488,8
311,2488,2496,15
312,2496,2504,6
313,2504,2512,10
314,2512,2520,5
315,2520,2528,20
316,2528,2536,13
317,2536,2544,5
318,2544,2552,5
319,2552,2560,12
320,2560,2568,19
321,2568,2576,11
322,2576,2584,2
323,2584,2592,18
324,2592,2600,8
325,2600,2608,18
326,2608,2616,14
327,2616,2624,11
328,2624,2632,1
329,2632,2640,13
330,2640,2648,10
331,2648,2656,13
332,2656,2664,12
333,2664,2672,11
334,2672,2680,12
335,2680,2688,14
336,2688,2696,3
337,2696,2704,1
338,2704,2712,14
339,2712,2720,9
340,2720,2728,8
341,2728,2736,6
342,2736,2744,16
343,2744,2752,20
344,2752,2760,5
345,2760,2768,6
346,2768,2776,2
347,2776,2784,2
348,2784,2792,20
349,2792,2800,6
350,2800,2808,15
351,2808,2816,13
352,2816,2824,12
353,2824,2832,5
354,2832,2840,13
355,2840,2848,10
356,2848,2856,8
357,2856,2864,14
358,2864,2872,4
359,2872,2880,1
360,2880,2888,9
361,2888,2896,8
362,2896,2904,13
363,2904,2912,3
364,2912,2920,9
365,2920,2928,14
366,2928,2936,14
367,2936,2944,9
368,2944,2952,12
369,2952,2960,14
370,2960,2968,6
371,2968,2976,4
372,2976,2984,8
373,2984,2992,7
374,2992,3000,3
375,3000,3008,14
376,3008,3016,15
377,3016,3024,17
378,3024,3032,16
379,3032,3040,2
380,3040,3048,17
381,3048,3056,16
382,3056,3064,5
383,3064,3072,14
384,3072,3080,15
385,3080,3088,17
386,3088,3096,9
387,3096,3104,1
388,3104,3112,2
389,3112,3120,14
390,3120,3128,9
391,3128,3136,8
392,3136,3144,5
393,3144,3152,10
394,3152,3160,9
395,3160,3168,10
396,3168,3176,9
397,3176,3184,1
398,3184,3192,11
399,3192,3200,4
400,3200,3208,12
401,3208,3216,6
402,3216,3224,19
403,3224,3232,20
404,3232,3240,15
405,3240,3248,11
406,3248,3256,18
407,3256,3264,15
408,3264,3272,13
409,3272,3280,14
410,3280,3288,9
411,3288,3296,6
412,3296,3304,16
413,3304,3312,2
414,3312,3320,16
415,3320,3328,4
416,3328,3336,14
417,3336,3344,15
418,3344,3352,6
419,3352,3360,4
420,3360,3368,16
421,3368,3376,13
422,3376,3384,16
423,3384,3392,14
424,3392,3400,11
425,3400,3408,19
426,3408,3416,8
427,3416,3424,4
428,3424,3432,12
429,3432,3440,14
430,3440,3448,3
431,3448,3456,5
432,3456,3464,1
433,3464,3472,8
434,3472,3480,9
435,3480,3488,2
436,3488,3496,15
437,3496,3504,15
438,3504,3512,9
439,3512,3520,17
440,3520,3528,7
441,3528,3536,12
442,3536,3544,5
443,3544,3552,13
444,3552,3560,13
445,3560,3568,14
446,3568,3576,17
447,3576,3584,13
448,3584,3592,11
449,3592,3600,6
450,3600,3608,20
451,3608,3616,4
452,3616,3624,19
453,3624,3632,9
454,3632,3640,19
455,3640,3648,13
456,3648,3656,9
457,3656,3664,2
458,3664,3672,13
459,3672,3680,6
460,3680,3688,4
461,3688,3696,5
462,3696,3704,5
463,3704,3712,5
464,3712,3720,16
465,3720,3728,4
466,3728,3736,7
467,3736,3744,19
468,3744,3752,6
469,3752,3760,10
470,3760,3768,19
471,3768,3776,17
472,3776,3784,16
473,3784,3792,2
474,3792,3800,6
475,3800,3808,9
476,3808,3816,17
477,3816,3824,8
478,3824,3832,6
479,3832,3840,3
480,3840,3848,2
481,3848,3856,13
482,3856,3864,5
483,3864,3872,8
484,3872,3880,5
485,3880,3888,6
486,3888,3896,16
487,3896,3904,10
488,3904,3912,11
489,3912,3920,16
490,3920,3928,8
491,3928,3936,19
492,3936,3944,17
493,3944,3952,16
494,3952,3960,14
495,3960,3968,10
496,3968,3976,6
497,3976,3984,4
498,3984,3992,1
499,3992,4000,13
500,4000,4008,8
501,4008,4016,6
502,4016,4024,3
503,4024,4032,3
504,4032,4040,5
505,4040,4048,4
506,4048,4056,9
507,4056,4064,16
508,4064,4072,1
509,4072,4080,7
510,4080,4088,15
511,4088,4096,14
512,4096,4104,12
513,4104,4112,17
514,4112,4120,5
515,4120,4128,14
516,4128,4136,10
517,4136,4144,19
518,4144,4152,2
519,4152,4160,19
520,4160,4168,14
521,4168,4176,5
522,4176,4184,3
523,4184,4192,1
524,4192,4200,6
525,4200,4208,19
526,4208,4216,8
527,4216,4224,10
528,4224,4232,7
529,4232,4240,18
530,4240,4248,17
531,4248,4256,4
532,4256,4264,10
533,4264,4272,12
534,4272,4280,14
535,4280,4288,8
536,4288,4296,7
537,4296,4304,9
538,4304,4312,8
539,4312,4320,11
540,4320,4328,15
541,4328,4336,11
542,4336,4344,4
543,4344,4352,16
544,4352,4360,9
545,4360,4368,17
546,4368,4376,3
547,4376,4384,9
548,4384,4392,17
549,4392,4400,11
550,4400,4408,15
551,4408,4416,12
552,4416,4424,12
553,4424,4432,9
554,4432,4440,2
555,4440,4448,17
556,4448,4456,5
557,4456,4464,5
558,4464,4472,18
559,4472,4480,3
560,4480,4488,11
561,4488,4496,17
562,4496,4504,1
563,4504,4512,3
564,4512,4520,17
565,4520,4528,6
566,4528,4536,17
567,4536,4544,20
568,4544,4552,20
569,4552,4560,2
570,4560,4568,3
571,4568,4576,10
572,4576,4584,14
573,4584,4592,12
574,4592,4600,10
575,4600,4608,17
576,4608,4616,20
577,4616,4624,18
578,4624,4632,11
579,4632,4640,5
580,4640,4648,14
581,4648,4656,6
582,4656,4664,3
583,4664,4672,9
584,4672,4680,12
585,4680,4688,3
586,4688,4696,9
587,4696,4704,4
588,4704,4712,16
589,4712,4720,15
590,4720,4728,14
591,4728,4736,3
592,4736,4744,19
593,4744,4752,11
594,4752,4760,12
595,4760,4768,2
596,4768,4776,2
597,4776,4784,8
598,4784,4792,14
599,4792,4800,2
600,4800,4808,19
601,4808,4816,17
602,4816,4824,5
603,4824,4832,9
604,4832,4840,20
605,4840,4848,18
606,4848,4856,13
607,4856,4864,17
608,4864,4872,3
609,4872,4880,10
610,4880,4888,10
611,4888,4896,9
612,4896,4904,18
613,4904,4912,9
614,4912,4920,19
615,4920,4928,10
616,4928,4936,10
617,4936,4944,4
618,4944,4952,11
619,4952,4960,2
620,4960,4968,7
621,4968,4976,3
622,4976,4984,12
623,4984,4992,1
624,4992,5000,2
625,5000,5008,12
626,5008,5016,13
627,5016,5024,4
628,5024,5032,2
629,5032,5040,18
630,5040,5048,1
631,5048,5056,19
632,5056,5064,17
633,5064,5072,10
634,5072,5080,12
635,5080,5088,13
636,5088,5096,8
637,5096,5104,18
638,5104,5112,14
639,5112,5120,13
640,5120,5128,5
641,5128,5136,11
642,5136,5144,17
643,5144,5152,19
644,5152,5160,19
645,5160,5168,9
646,5168,5176,17
647,5176,5184,6
648,5184,5192,14
649,5192,5200,11
650,5200,5208,3
651,5208,5216,15
652,5216,5224,1
653,5224,5232,6
654,5232,5240,7
655,5240,5248,16
656,5248,5256,2
657,5256,5264,7
658,5264,5272,17
659,5272,5280,6
660,5280,5288,10
661,5288,5296,7
662,5296,5304,18
663,5304,5312,9
664,5312,5320,14
665,5320,5328,8
666,5328,5336,12
667,5336,5344,17
668,5344,5352,16
669,5352,5360,3
670,5360,5368,15
671,5368,5376,11
672,5376,5384,15
673,5384,5392,4
674,5392,5400,16
675,5400,5408,17
676,5408,5416,17
677,5416,5424,2
678,5424,5432,15
679,5432,5440,2
680,5440,5448,4
681,5448,5456,15
682,5456,5464,13
683,5464,5472,2
684,5472,5480,8
685,5480,5488,16
686,5488,5496,5
687,5496,5504,7
688,5504,5512,3
689,5512,5520,11
690,5520,5528,4
691,5528,5536,4
692,5536,5544,18
693,5544,5552,10
694,5552,5560,4
695,5560,5568,12
696,5568,5576,7
697,5576,5584,3
698,5584,5592,15
699,5592,5600,19
700,5600,5608,2
701,5608,5616,20
702,5616,5624,16
703,5624,5632,12
704,5632,5640,15
705,5640,5648,11
706,5648,5656,15
707,5656,5664,11
708,5664,5672,9
709,5672,5680,17
710,5680,5688,4
711,5688,5696,11
712,5696,5704,4
713,5704,5712,15
714,5712,5720,14
715,5720,5728,10
716,5728,5736,4
717,5736,5744,19
718,5744,5752,1
719,5752,5760,15
720,5760,5768,7
721,5768,5776,6
722,5776,5784,15
723,5784,5792,15
724,5792,5800,4
725,5800,5808,18
726,5808,5816,6
727,5816,5824,15
728,5824,5832,18
729,5832,5840,13
730,5840,5848,7
731,5848,5856,4
732,5856,5864,10
733,5864,5872,18
734,5872,5880,9
735,5880,5888,5
736,5888,5896,6
737,5896,5904,6
738,5904,5912,14
739,5912,5920,3
740,5920,5928,16
741,5928,5936,16
742,5936,5944,5
743,5944,5952,5
744,5952,5960,6
745,5960,5968,13
746,5968,5976,13
747,5976,5984,2
748,5984,5992,4
749,5992,6000,6
750,6000,6008,9
751,6008,6016,18
752,6016,6024,15
753,6024,6032,13
754,6032,6040,15
755,6040,6048,18
756,6048,6056,3
757,6056,6064,18
758,6064,6072,2
759,6072,6080,13
760,6080,6088,3
761,6088,6096,8
762,6096,6104,16
763,6104,6112,17
764,6112,6120,11
765,6120,6128,19
766,6128,6136,7
767,6136,6144,4
768,6144,6152,16
769,6152,6160,19
770,6160,6168,7
771,6168,6176,10
772,6176,6184,7
773,6184,6192,12
774,6192,6200,8
775,6200,6208,15
776,6208,6216,6
777,6216,6224,11
778,6224,6232,2
779,6232,6240,9
780,6240,6248,3
781,6248,6256,7
782,6256,6264,18
783,6264,6272,4
784,6272,6280,3
785,6280,6288,12
786,6288,6296,4
787,6296,6304,8
788,6304,6312,8
789,6312,6320,7
790,6320,6328,13
791,6328,6336,4
792,6336,6344,19
793,6344,6352,13
794,6352,6360,9
795,6360,6368,17
796,6368,6376,5
797,6376,6384,18
798,6384,6392,9
799,6392,6400,2
800,6400,6408,18
801,6408,6416,2
802,6416,6424,14
803,6424,6432,19
804,6432,6440,6
805,6440,6448,3
806,6448,6456,5
807,6456,6464,12
808,6464,6472,8
809,6472,6480,1
810,6480,6488,19
811,6488,6496,18
812,6496,6504,3
813,6504,6512,9
814,6512,6520,13
815,6520,6528,11
816,6528,6536,12
817,6536,6544,6
818,6544,6552,13
819,6552,6560,13
820,6560,6568,3
821,6568,6576,14
822,6576,6584,16
823,6584,6592,13
824,6592,6600,20
825,6600,6608,5
826,6608,6616,11
827,6616,6624,15
828,6624,6632,14
829,6632,6640,16
830,6640,6648,14
831,6648,6656,12
832,6656,6664,6
833,6664,6672,9
834,6672,6680,16
835,6680,6688,2
836,6688,6696,4
837,6696,6704,12
838,6704,6712,16
839,6712,6720,5
840,6720,6728,3
841,6728,6736,15
842,6736,6744,5
843,6744,6752,4
844,6752,6760,7
845,6760,6768,4
846,6768,6776,2
847,6776,6784,5
848,6784,6792,8
849,6792,6800,12
850,6800,6808,17
851,6808,6816,7
852,6816,6824,11
853,6824,6832,7
854,6832,6840,1
855,6840,6848,14
856,6848,6856,10
857,6856,6864,5
858,6864,6872,2
859,6872,6880,11
860,6880,6888,20
861,6888,6896,16
862,6896,6904,16
863,6904,6912,15
864,6912,6920,16
865,6920,6928,12
866,6928,6936,12
867,6936,6944,18
868,6944,6952,15
869,6952,6960,9
870,6960,6968,3
871,6968,6976,20
872,6976,6984,5
873,6984,6992,8
874,6992,7000,11
875,7000,7008,1
876,7008,7016,8
877,7016,7024,3
878,7024,7032,4
879,7032,7040,5
880,7040,7048,12
881,7048,7056,12
882,7056,7064,2
883,7064,7072,10
884,7072,7080,14
885,7080,7088,8
886,7088,7096,18
887,7096,7104,16
888,7104,7112,19
889,7112,7120,13
890,7120,7128,19
891,7128,7136,7
892,7136,7144,6
893,7144,7152,4
894,7152,7160,15
895,7160,7168,1
896,7168,7176,7
897,7176,7184,10
898,7184,7192,13
899,7192,7200,12
900,7200,7208,1
901,7208,7216,9
902,7216,7224,7
903,7224,7232,4
904,7232,7240,2
905,7240,7248,5
906,7248,7256,18
907,7256,7264,12
908,7264,7272,13
909,7272,7280,11
910,7280,7288,20
911,7288,7296,5
912,7296,7304,4
913,7304,7312,14
914,7312,7320,12
915,7320,7328,18
916,7328,7336,3
917,7336,7344,13
918,7344,7352,3
919,7352,7360,14
920,7360,7368,19
921,7368,7376,6
922,7376,7384,3
923,7384,7392,11
924,7392,7400,10
925,7400,7408,19
926,7408,7416,8
927,7416,7424,11
928,7424,7432,3
929,7432,7440,10
930,7440,7448,7
931,7448,7456,11
932,7456,7464,3
933,7464,7472,10
934,7472,7480,12
935,7480,7488,3
936,7488,7496,11
937,7496,7504,19
938,7504,7512,9
939,7512,7520,15
940,7520,7528,16
941,7528,7536,7
942,7536,7544,5
943,7544,7552,17
944,7552,7560,5
945,7560,7568,13
946,7568,7576,3
947,7576,7584,10
948,7584,7592,11
949,7592,7600,19
950,7600,7608,9
951,7608,7616,4
952,7616,7624,7
953,7624,7632,10
954,7632,7640,5
955,7640,7648,18
956,7648,7656,4
957,7656,7664,11
958,7664,7672,14
959,7672,7680,7
960,7680,7688,11
961,7688,7696,15
962,7696,7704,16
963,7704,7712,17
964,7712,7720,1
965,7720,7728,15
966,7728,7736,20
967,7736,7744,11
968,7744,7752,13
969,7752,7760,9
970,7760,7768,11
971,7768,7776,6
972,7776,7784,2
973,7784,7792,16
974,7792,7800,7
975,7800,7808,12
976,7808,7816,4
977,7816,7824,13
978,7824,7832,12
979,7832,7840,5
980,7840,7848,19
981,7848,7856,8
982,7856,7864,7
983,7864,7872,13
984,7872,7880,7
985,7880,7888,15
986,7888,7896,9
987,7896,7904,9
988,7904,7912,4
989,7912,7920,12
990,7920,7928,11
991,7928,7936,3
992,7936,7944,11
993,7944,7952,19
994,7952,7960,14
995,7960,7968,12
996,7968,7976,8
997,7976,7984,20
998,7984,7992,14
999,7992,8000,8
1000,8000,8008,9
1001,8008,8016,4
1002,8016,8024,3
1003,8024,8032,8
1004,8032,8040,7
1005,8040,8048,1
1006,8048,8056,10
1007,8056,8064,14
1008,8064,8072,1
1009,8072,8080,4
1010,8080,8088,12
1011,8088,8096,13
1012,8096,8104,17
1013,8104,8112,9
1014,8112,8120,4
1015,8120,8128,10
1016,8128,8136,11
1017,8136,8144,9
1018,8144,8152,16
1019,8152,8160,11
1020,8160,8168,9
1021,8168,8176,7
1022,8176,8184,6
1023,8184,8192,13
1024,8192,8200,5
1025,8200,8208,16
1026,8208,8216,19
1027,8216,8224,5
1028,8224,8232,2
1029,8232,8240,13
1030,8240,8248,1
1031,8248,8256,7
1032,8256,8264,7
1033,8264,8272,7
1034,8272,8280,1
1035,8280,8288,16
1036,8288,8296,4
1037,8296,8304,13
1038,8304,8312,2
1039,8312,8320,6
1040,8320,8328,4
1041,8328,8336,19
1042,8336,8344,15
1043,8344,8352,8
1044,8352,8360,20
1045,8360,8368,18
1046,8368,8376,20
1047,8376,8384,2
1048,8384,8392,19
1049,8392,8400,10
1050,8400,8408,17
1051,8408,8416,2
1052,8416,8424,16
1053,8424,8432,8
1054,8432,8440,1
1055,8440,8448,15
1056,8448,8456,10
1057,8456,8464,3
1058,8464,8472,17
1059,8472,8480,12
1060,8480,8488,18
1061,8488,8496,8
1062,8496,8504,2
1063,8504,8512,15
1064,8512,8520,13
1065,8520,8528,16
1066,8528,8536,9
1067,8536,8544,13
1068,8544,8552,10
1069,8552,8560,7
1070,8560,8568,4
1071,8568,8576,19
1072,8576,8584,1
1073,8584,8592,10
1074,8592,8600,3
1075,8600,8608,5
1076,8608,8616,17
1077,8616,8624,6
1078,8624,8632,13
1079,8632,8640,2
1080,8640,8648,14
1081,8648,8656,3
1082,8656,8664,16
1083,8664,8672,4
1084,8672,8680,6
1085,8680,8688,15
1086,8688,8696,17
1087,8696,8704,14
1088,8704,8712,16
1089,8712,8720,14
1090,8720,8728,8
1091,8728,8736,17
1092,8736,8744,16
1093,8744,8752,8
1094,8752,8760,3
1095,8760,8768,10
1096,8768,8776,11
1097,8776,8784,10
1098,8784,8792,16
1099,8792,8800,7
1100,8800,8808,6
1101,8808,8816,17
1102,8816,8824,18
1103,8824,8832,17
1104,8832,8840,10
1105,8840,8848,19
1106,8848,8856,8
1107,8856,8864,10
1108,8864,8872,19
1109,8872,8880,19
1110,8880,8888,10
1111,8888,8896,2
1112,8896,8904,9
1113,8904,8912,5
1114,8912,8920,8
1115,8920,8928,9
1116,8928,8936,14
1117,8936,8944,9
1118,8944,8952,13
1119,8952,8960,10
1120,8960,8968,18
1121,8968,8976,4
1122,8976,8984,15
1123,8984,8992,4
1124,8992,9000,18
1125,9000,9008,9
1126,9008,9016,15
1127,9016,9024,19
1128,9024,9032,5
1129,9032,9040,7
1130,9040,9048,10
1131,9048,9056,9
1132,9056,9064,4
1133,9064,9072,19
1134,9072,9080,16
1135,9080,9088,17
1136,9088,9096,16
1137,9096,9104,2
1138,9104,9112,16
1139,9112,9120,20
1140,9120,9128,10
1141,9128,9136,20
1142,9136,9144,6
1143,9144,9152,10
1144,9152,9160,5
1145,9160,9168,20
1146,9168,9176,19
1147,9176,9184,17
1148,9184,9192,9
1149,9192,9200,18
1150,9200,9208,12
1151,9208,9216,20
1152,9216,9224,13
1153,9224,9232,18
1154,9232,9240,8
1155,9240,9248,7
1156,9248,9256,17
1157,9256,9264,1
1158,9264,9272,9
1159,9272,9280,2
1160,9280,9288,17
1161,9288,9296,6
1162,9296,9304,6
1163,9304,9312,13
1164,9312,9320,5
1165,9320,9328,10
1166,9328,9336,6
1167,9336,9344,3
1168,9344,9352,11
1169,9352,9360,14
1170,9360,9368,19
1171,9368,9376,11
1172,9376,9384,12
1173,9384,9392,18
1174,9392,9400,11
1175,9400,9408,10
1176,9408,9416,11
1177,9416,9424,8
1178,9424,9432,2
1179,9432,9440,11
1180,9440,9448,10
1181,9448,9456,12
1182,9456,9464,13
1183,9464,9472,5
1184,9472,9480,14
1185,9480,9488,12
1186,9488,9496,10
1187,9496,9504,10
1188,9504,9512,10
1189,9512,9520,17
1190,9520,9528,17
1191,9528,9536,18
1192,9536,9544,3
1193,9544,9552,14
1194,9552,9560,13
1195,9560,9568,3
1196,9568,9576,10
1197,9576,9584,15
1198,9584,9592,16
1199,9592,9600,7
1200,9600,9608,9
1201,9608,9616,6
1202,9616,9624,14
1203,9624,9632,10
1204,9632,9640,10
1205,9640,9648,8
1206,9648,9656,15
1207,9656,9664,4
1208,9664,9672,18
1209,9672,9680,2
1210,9680,9688,6
1211,9688,9696,1
1212,9696,9704,12
1213,9704,9712,2
1214,9712,9720,4
1215,9720,9728,15
1216,9728,9736,9
1217,9736,9744,18
1218,9744,9752,10
1219,9752,9760,5
1220,9760,9768,14
1221,9768,9776,10
1222,9776,9784,17
1223,9784,9792,19
1224,9792,9800,11
1225,9800,9808,3
1226,9808,9816,2
1227,9816,9824,12
1228,9824,9832,14
1229,9832,9840,20
1230,9840,9848,12
1231,9848,9856,5
1232,9856,9864,7
1233,9864,9872,2
1234,9872,9880,18
1235,9880,9888,17
1236,9888,9896,15
1237,9896,9904,7
1238,9904,9912,15
1239,9912,9920,17
1240,9920,9928,1
1241,9928,9936,20
1242,9936,9944,4
1243,9944,9952,1
1244,9952,9960,5
1245,9960,9968,18
1246,9968,9976,10
1247,9976,9984,19
1248,9984,9992,1
1249,9992,10000,1
1250,10000,10008,9
1251,10008,10016,13
1252,10016,10024,4
1253,10024,10032,10
1254,10032,10040,11
1255,10040,10048,6
1256,10048,10056,19
1257,10056,10064,18
1258,10064,10072,12
1259,10072,10080,3
1260,10080,10088,2
1261,10088,10096,8
1262,10096,10104,4
1263,10104,10112,5
1264,10112,10120,16
1265,10120,10128,16
1266,10128,10136,1
1267,10136,10144,19
1268,10144,10152,18
1269,10152,10160,7
1270,10160,10168,10
1271,10168,10176,10
1272,10176,10184,12
1273,10184,10192,4
1274,10192,10200,7
1275,10200,10208,8
1276,10208,10216,1
1277,10216,10224,19
1278,10224,10232,19
1279,10232,10240,1
1280,10240,10248,13
1281,10248,10256,14
1282,10256,10264,6
1283,10264,10272,4
1284,10272,10280,5
1285,10280,10288,9
1286,10288,10296,12
1287,10296,10304,3
1288,10304,10312,3
1289,10312,10320,17
1290,10320,10328,17
1291,10328,10336,17
1292,10336,10344,13
1293,10344,10352,11
1294,10352,10360,5
1295,10360,10368,17
1296,10368,10376,12
1297,10376,10384,9
1298,10384,10392,5
1299,10392,10400,2
1300,10400,10408,16
1301,10408,10416,9
1302,10416,10424,2
1303,10424,10432,3
1304,10432,10440,13
1305,10440,10448,15
1306,10448,10456,3
1307,10456,10464,16
1308,10464,10472,8
1309,10472,10480,15
1310,10480,10488,18
1311,10488,10496,16
1312,10496,10504,16
1313,10504,10512,1
1314,10512,10520,2
1315,10520,10528,9
1316,10528,10536,6
1317,10536,10544,2
1318,10544,10552,2
1319,10552,10560,12
1320,10560,10568,14
1321,10568,10576,11
1322,10576,10584,5
1323,10584,10592,14
1324,10592,10600,9
1325,10600,10608,18
1326,10608,10616,2
1327,10616,10624,11
1328,10624,10632,17
1329,10632,10640,7
1330,10640,10648,8
1331,10648,10656,16
1332,10656,10664,11
1333,10664,10672,6
1334,10672,10680,5
1335,10680,10688,14
1336,10688,10696,8
1337,10696,10704,2
1338,10704,10712,14
1339,10712,10720,6
1340,10720,10728,7
1341,10728,10736,11
1342,10736,10744,13
1343,10744,10752,16
1344,10752,10760,15
1345,10760,10768,5
1346,10768,10776,6
1347,10776,10784,20
1348,10784,10792,1
1349,10792,10800,15
1350,10800,10808,18
1351,10808,10816,3
1352,10816,10824,16
1353,10824,10832,15
1354,10832,10840,19
1355,10840,10848,11
1356,10848,10856,11
1357,10856,10864,20
1358,10864,10872,16
1359,10872,10880,5
1360,10880,10888,7
1361,10888,10896,2
1362,10896,10904,19
1363,10904,10912,3
1364,10912,10920,5
1365,10920,10928,15
1366,10928,10936,3
1367,10936,10944,15
1368,10944,10952,7
1369,10952,10960,16
1370,10960,10968,3
1371,10968,10976,15
1372,10976,10984,17
1373,10984,10992,8
1374,10992,11000,18
1375,11000,11008,20
1376,11008,11016,19
1377,11016,11024,17
1378,11024,11032,14
1379,11032,11040,2
1380,11040,11048,13
1381,11048,11056,8
1382,11056,11064,10
1383,11064,11072,18
1384,11072,11080,9
1385,11080,11088,17
1386,11088,11096,10
1387,11096,11104,17
1388,11104,11112,14
1389,11112,11120,13
1390,11120,11128,11
1391,11128,11136,10
1392,11136,11144,9
1393,11144,11152,17
1394,11152,11160,4
1395,11160,11168,8
1396,11168,11176,8
1397,11176,11184,14
1398,11184,11192,13
1399,11192,11200,16
1400,11200,11208,7
1401,11208,11216,18
1402,11216,11224,13
1403,11224,11232,5
1404,11232,11240,17
1405,11240,11248,13
1406,11248,11256,19
1407,11256,11264,19
1408,11264,11272,7
1409,11272,11280,17
1410,11280,11288,13
1411,11288,11296,4
1412,11296,11304,3
1413,11304,11312,2
1414,11312,11320,16
1415,11320,11328,14
1416,11328,11336,5
1417,11336,11344,17
1418,11344,11352,15
1419,11352,11360,6
1420,11360,11368,16
1421,11368,11376,4
1422,11376,11384,3
1423,11384,11392,8
1424,11392,11400,7
1425,11400,11408,14
1426,11408,11416,19
1427,11416,11424,15
1428,11424,11432,8
1429,11432,11440,14
1430,11440,11448,12
1431,11448,11456,20
1432,11456,11464,15
1433,11464,11472,16
1434,11472,11480,5
1435,11480,11488,8
1436,11488,11496,18
1437,11496,11504,15
1438,11504,11512,6
1439,11512,11520,16
1440,11520,11528,6
1441,11528,11536,8
1442,11536,11544,6
1443,11544,11552,6
1444,11552,11560,13
1445,11560,11568,2
1446,11568,11576,10
1447,11576,11584,4
1448,11584,11592,14
1449,11592,11600,1
1450,11600,11608,18
1451,11608,11616,8
1452,11616,11624,9
1453,11624,11632,8
1454,11632,11640,19
1455,11640,11648,17
1456,11648,11656,13
1457,11656,11664,17
1458,11664,11672,18
1459,11672,11680,19
1460,11680,11688,10
1461,11688,11696,11
1462,11696,11704,11
1463,11704,11712,17
1464,11712,11720,4
1465,11720,11728,5
1466,11728,11736,10
1467,11736,11744,5
1468,11744,11752,15
1469,11752,11760,11
1470,11760,11768,18
1471,11768,11776,4
1472,11776,11784,6
1473,11784,11792,7
1474,11792,11800,10
1475,11800,11808,5
1476,11808,11816,19
1477,11816,11824,20
1478,11824,11832,2
1479,11832,11840,4
1480,11840,11848,11
1481,11848,11856,12
1482,11856,11864,4
1483,11864,11872,20
1484,11872,11880,8
1485,11880,11888,19
1486,11888,11896,14
1487,11896,11904,19
1488,11904,11912,3
1489,11912,11920,15
1490,11920,11928,15
1491,11928,11936,17
1492,11936,11944,18
1493,11944,11952,18
1494,11952,11960,17
1495,11960,11968,6
1496,11968,11976,18
1497,11976,11984,20
1498,11984,11992,16
1499,11992,12000,6
1500,12000,12008,9
1501,12008,12016,7
1502,12016,12024,10
1503,12024,12032,13
1504,12032,12040,15
1505,12040,12048,6
1506,12048,12056,6
1507,12056,12064,6
1508,12064,12072,15
1509,12072,12080,2
1510,12080,12088,9
1511,12088,12096,15
1512,12096,12104,16
1513,12104,12112,3
1514,12112,12120,14
1515,12120,12128,4
1516,12128,12136,1
1517,12136,12144,14
1518,12144,12152,15
1519,12152,12160,3
1520,12160,12168,10
1521,12168,12176,14
1522,12176,12184,12
1523,12184,12192,9
1524,12192,12200,12
1525,12200,12208,8
1526,12208,12216,15
1527,12216,12224,10
1528,12224,12232,13
1529,12232,12240,8
1530,12240,12248,19
1531,12248,12256,3
1532,12256,12264,14
1533,12264,12272,6
1534,12272,12280,18
1535,12280,12288,17
1536,12288,12296,6
1537,12296,12304,17
1538,12304,12312,13
1539,12312,12320,8
1540,12320,12328,4
1541,12328,12336,8
1542,12336,12344,6
1543,12344,12352,17
1544,12352,12360,19
1545,12360,12368,10
1546,12368,12376,4
1547,12376,12384,9
1548,12384,12392,14
1549,12392,12400,4
1550,12400,12408,5
1551,12408,12416,5
1552,12416,12424,15
1553,12424,12432,19
1554,12432,12440,2
1555,12440,12448,13
1556,12448,12456,18
1557,12456,12464,6
1558,12464,12472,3